Summary,Issue key,Issue id,Issue Type,Status,Project key,Project name,Project type,Project lead,Project lead id,Project description,Priority,Resolution,Assignee,Assignee Id,Reporter,Reporter Id,Creator,Creator Id,Created,Updated,Last Viewed,Resolved,Affects versions,Fix versions,Due date,Votes,Description,Environment,Watchers,Watchers Id,Original estimate,Remaining Estimate,Time Spent,Work Ratio,Σ Original Estimate,Σ Remaining Estimate,Σ Time Spent,Security Level,Custom field (Actual end),Custom field (Actual start),Custom field (Approvals),Custom field (Change reason),Custom field (Change risk),Custom field (Change type),Custom field (Development),Custom field (Epic Color),Custom field (Epic Name),Custom field (Epic Status),Custom field (Focus Areas),Custom field (Goals),Custom field (Impact),Custom field (Issue color),Custom field (Locked forms),Custom field (Open forms),Custom field (Project overview key),Custom field (Project overview status),Custom field (Rank),Custom field (Request Type),Custom field (Sentiment),Sprint,Sprint,Custom field (Start date),Custom field (Story Points),Custom field (Story point estimate),Custom field (Submitted forms),Custom field (Target end),Custom field (Target start),Custom field (Team),Custom field (Total forms),Custom field (Vulnerability),Custom field ([CHART] Date of First Response),Custom field ([CHART] Time in Status),Parent,Parent key,Parent summary,Status Category,Status Category Changed
"As a user, I want to access the dashboard after login so that I can navigate the platform features.",LP-21,10094,Story,To Do,LP,LEARNING-PLATFORM,software,Mohit Sharma,712020:5eb93c98-6417-49b9-94ab-3c0de37a3a45,,Medium,,,,Mohit Sharma,712020:5eb93c98-6417-49b9-94ab-3c0de37a3a45,Mohit Sharma,712020:5eb93c98-6417-49b9-94ab-3c0de37a3a45,01/Apr/26 11:55 AM,01/Apr/26 11:56 AM,,,,1.0,04/Apr/26 12:00 AM,0,,,Mohit Sharma,712020:5eb93c98-6417-49b9-94ab-3c0de37a3a45,,,,,,,,,,,com.atlassian.servicedesk.plugins.approvals.internal.customfield.ApprovalsCFValue@4b975f9c,,,,,,,,,,,,,,,,0|hzzzzb:,,,,,01/Apr/26 12:00 AM,,,,,,,,,,,,,,To Do,01/Apr/26 11:55 AM
"As a user, I want to access the dashboard after login so that I can navigate the platform features.",LP-20,10093,Task,To Do,LP,LEARNING-PLATFORM,software,Mohit Sharma,712020:5eb93c98-6417-49b9-94ab-3c0de37a3a45,,Medium,,,,Mohit Sharma,712020:5eb93c98-6417-49b9-94ab-3c0de37a3a45,Mohit Sharma,712020:5eb93c98-6417-49b9-94ab-3c0de37a3a45,01/Apr/26 11:37 AM,01/Apr/26 11:41 AM,01/Apr/26 11:38 AM,,,1.0,04/Apr/26 12:00 AM,0,,,Mohit Sharma,712020:5eb93c98-6417-49b9-94ab-3c0de37a3a45,,,,,,,,,,,com.atlassian.servicedesk.plugins.approvals.internal.customfield.ApprovalsCFValue@cd999fb,,,,,,,,,,,,,,,,0|hzzzzj:,,,,,01/Apr/26 12:00 AM,,,,,,,,,,,,,,To Do,01/Apr/26 11:37 AM
USER REGISTRATION AND LOGIN,LP-1,10059,Epic,To Do,LP,LEARNING-PLATFORM,software,Mohit Sharma,712020:5eb93c98-6417-49b9-94ab-3c0de37a3a45,,Highest,,,,Mohit Sharma,712020:5eb93c98-6417-49b9-94ab-3c0de37a3a45,Mohit Sharma,712020:5eb93c98-6417-49b9-94ab-3c0de37a3a45,01/Apr/26 10:59 AM,01/Apr/26 12:10 PM,01/Apr/26 10:59 AM,,,1.0,02/Apr/26 12:00 AM,0,,,Mohit Sharma,712020:5eb93c98-6417-49b9-94ab-3c0de37a3a45,,,,,,,,,,,com.atlassian.servicedesk.plugins.approvals.internal.customfield.ApprovalsCFValue@3f4fc82d,,,,,ghx-label-7,,To Do,,,,purple,,,,,0|i00032:,,,LP Sprint 1,LP Sprint 2,01/Apr/26 12:00 AM,,,,,,,,,,,,,,To Do,01/Apr/26 10:59 AM
Dashboard and Course Discovery,LP-19,10091,Epic,To Do,LP,LEARNING-PLATFORM,software,Mohit Sharma,712020:5eb93c98-6417-49b9-94ab-3c0de37a3a45,,Medium,,,,Mohit Sharma,712020:5eb93c98-6417-49b9-94ab-3c0de37a3a45,Mohit Sharma,712020:5eb93c98-6417-49b9-94ab-3c0de37a3a45,01/Apr/26 11:34 AM,01/Apr/26 12:10 PM,01/Apr/26 11:56 AM,,,1.0,04/Apr/26 12:00 AM,0,,,Mohit Sharma,712020:5eb93c98-6417-49b9-94ab-3c0de37a3a45,,,,,,,,,,,com.atlassian.servicedesk.plugins.approvals.internal.customfield.ApprovalsCFValue@2ea19e0e,,,,,ghx-label-12,,To Do,,,,grey,,,,,0|i00034:,,,LP Sprint 1,LP Sprint 2,01/Apr/26 12:00 AM,,,,,,,,,,,,,,To Do,01/Apr/26 11:34 AM
AS A USER I SHOULD BE ABLE TO REGISTER,LP-23,10098,Story,To Do,LP,LEARNING-PLATFORM,software,Mohit Sharma,712020:5eb93c98-6417-49b9-94ab-3c0de37a3a45,,Highest,,,,Mohit Sharma,712020:5eb93c98-6417-49b9-94ab-3c0de37a3a45,Mohit Sharma,712020:5eb93c98-6417-49b9-94ab-3c0de37a3a45,01/Apr/26 12:13 PM,01/Apr/26 12:13 PM,01/Apr/26 12:14 PM,,,1.0,04/Apr/26 12:00 AM,0,,,Mohit Sharma,712020:5eb93c98-6417-49b9-94ab-3c0de37a3a45,,,,,,,,,,,com.atlassian.servicedesk.plugins.approvals.internal.customfield.ApprovalsCFValue@5ea1080a,,,,,,,,,,,,,,,,0|i0003c:,,,LP Sprint 2,,01/Apr/26 12:00 AM,,,,,,,,,,,10059,LP-1,USER REGISTRATION AND LOGIN,To Do,01/Apr/26 12:13 PM
AS A USER I SHOULD BE ABLE TO LOGIN,LP-24,10099,Story,To Do,LP,LEARNING-PLATFORM,software,Mohit Sharma,712020:5eb93c98-6417-49b9-94ab-3c0de37a3a45,,Medium,,Mohit Sharma,712020:5eb93c98-6417-49b9-94ab-3c0de37a3a45,Mohit Sharma,712020:5eb93c98-6417-49b9-94ab-3c0de37a3a45,Mohit Sharma,712020:5eb93c98-6417-49b9-94ab-3c0de37a3a45,01/Apr/26 12:13 PM,01/Apr/26 12:13 PM,,,,1.0,,0,,,Mohit Sharma,712020:5eb93c98-6417-49b9-94ab-3c0de37a3a45,,,,,,,,,,,com.atlassian.servicedesk.plugins.approvals.internal.customfield.ApprovalsCFValue@7bfcd632,,,,,,,,,,,,,,,,0|i0003k:,,,LP Sprint 2,,,,,,,,,,,,,10059,LP-1,USER REGISTRATION AND LOGIN,To Do,01/Apr/26 12:13 PM
AS A USER I SHOULD BE ABLE TO LOGIN USING SOCIAL MEDIA,LP-25,10100,Story,To Do,LP,LEARNING-PLATFORM,software,Mohit Sharma,712020:5eb93c98-6417-49b9-94ab-3c0de37a3a45,,Medium,,Mohit Sharma,712020:5eb93c98-6417-49b9-94ab-3c0de37a3a45,Mohit Sharma,712020:5eb93c98-6417-49b9-94ab-3c0de37a3a45,Mohit Sharma,712020:5eb93c98-6417-49b9-94ab-3c0de37a3a45,01/Apr/26 12:14 PM,01/Apr/26 12:14 PM,,,,1.0,,0,,,Mohit Sharma,712020:5eb93c98-6417-49b9-94ab-3c0de37a3a45,,,,,,,,,,,com.atlassian.servicedesk.plugins.approvals.internal.customfield.ApprovalsCFValue@677adc5a,,,,,,,,,,,,,,,,0|i0003s:,,,LP Sprint 2,,,,,,,,,,,,,10059,LP-1,USER REGISTRATION AND LOGIN,To Do,01/Apr/26 12:14 PM
WRITE FUNCTIONALITY TEST CASE FOR REGISTER MODULE,LP-26,10101,Task,To Do,LP,LEARNING-PLATFORM,software,Mohit Sharma,712020:5eb93c98-6417-49b9-94ab-3c0de37a3a45,,High,,,,Mohit Sharma,712020:5eb93c98-6417-49b9-94ab-3c0de37a3a45,Mohit Sharma,712020:5eb93c98-6417-49b9-94ab-3c0de37a3a45,01/Apr/26 12:17 PM,02/Apr/26 10:24 AM,01/Apr/26 3:06 PM,,,1.0,04/Apr/26 12:00 AM,0,,,Mohit Sharma,712020:5eb93c98-6417-49b9-94ab-3c0de37a3a45,,,,,,,,,,,com.atlassian.servicedesk.plugins.approvals.internal.customfield.ApprovalsCFValue@7f12f079,,,,,,,,,,,,,,,,0|i00040:,,,LP Sprint 2,,01/Apr/26 12:00 AM,,,,,,,,,,,10059,LP-1,USER REGISTRATION AND LOGIN,To Do,01/Apr/26 12:17 PM
WRITE TEST CASE FOR EMAIL ADDRESS FIELD,LP-28,10105,Sub-task,To Do,LP,LEARNING-PLATFORM,software,Mohit Sharma,712020:5eb93c98-6417-49b9-94ab-3c0de37a3a45,,Medium,,Dipanshu Sehgal,712020:4998bcb5-a66a-421c-8bfd-a56768ff6e12,Mohit Sharma,712020:5eb93c98-6417-49b9-94ab-3c0de37a3a45,Mohit Sharma,712020:5eb93c98-6417-49b9-94ab-3c0de37a3a45,01/Apr/26 12:23 PM,01/Apr/26 12:24 PM,,,,,,0,,,Mohit Sharma,712020:5eb93c98-6417-49b9-94ab-3c0de37a3a45,,,,,,,,,,,com.atlassian.servicedesk.plugins.approvals.internal.customfield.ApprovalsCFValue@8c0b574,,,,,,,,,,,,,,,,0|i0004g:,,,LP Sprint 2,,,,,,,,,,,,,10101,LP-26,WRITE FUNCTIONALITY TEST CASE FOR REGISTER MODULE,To Do,01/Apr/26 12:23 PM
WRITE TEST CASE FOR PASSWORD TEXT FIELD,LP-31,10111,Sub-task,To Do,LP,LEARNING-PLATFORM,software,Mohit Sharma,712020:5eb93c98-6417-49b9-94ab-3c0de37a3a45,,Medium,,ARUSH TRIPATHI,712020:3dee042d-be61-42c6-9a6b-fd598f6f8b52,Mohit Sharma,712020:5eb93c98-6417-49b9-94ab-3c0de37a3a45,Mohit Sharma,712020:5eb93c98-6417-49b9-94ab-3c0de37a3a45,01/Apr/26 12:23 PM,02/Apr/26 9:37 AM,,,,,,0,,,Mohit Sharma,712020:5eb93c98-6417-49b9-94ab-3c0de37a3a45,,,,,,,,,,,com.atlassian.servicedesk.plugins.approvals.internal.customfield.ApprovalsCFValue@6b2a02c,,,,,,,,,,,,,,,,0|i0004i:,,,LP Sprint 2,,,,,,,,,,,,,10101,LP-26,WRITE FUNCTIONALITY TEST CASE FOR REGISTER MODULE,To Do,02/Apr/26 9:37 AM
WRITE TEST CASE FOR FULL NAME TEXT FIELD,LP-27,10103,Sub-task,To Do,LP,LEARNING-PLATFORM,software,Mohit Sharma,712020:5eb93c98-6417-49b9-94ab-3c0de37a3a45,,Medium,,Tauhid Alam,712020:fc05cd48-cc4f-4e70-9c6e-ac9bd5b56b7f,Mohit Sharma,712020:5eb93c98-6417-49b9-94ab-3c0de37a3a45,Mohit Sharma,712020:5eb93c98-6417-49b9-94ab-3c0de37a3a45,01/Apr/26 12:19 PM,02/Apr/26 9:37 AM,,,,,,0,,,Mohit Sharma,712020:5eb93c98-6417-49b9-94ab-3c0de37a3a45,,,,,,,,,,,com.atlassian.servicedesk.plugins.approvals.internal.customfield.ApprovalsCFValue@39e9361f,,,,,,,,,,,,,,,,0|i0004k:,,,LP Sprint 2,,,,,,,,,,,,,10101,LP-26,WRITE FUNCTIONALITY TEST CASE FOR REGISTER MODULE,To Do,02/Apr/26 9:37 AM
WRITE TEST CASE FOR SUBMIT BUTTON,LP-34,10117,Sub-task,To Do,LP,LEARNING-PLATFORM,software,Mohit Sharma,712020:5eb93c98-6417-49b9-94ab-3c0de37a3a45,,Medium,,Dipanshu Sehgal,712020:4998bcb5-a66a-421c-8bfd-a56768ff6e12,Mohit Sharma,712020:5eb93c98-6417-49b9-94ab-3c0de37a3a45,Mohit Sharma,712020:5eb93c98-6417-49b9-94ab-3c0de37a3a45,01/Apr/26 12:24 PM,02/Apr/26 9:37 AM,,,,,,0,,,Mohit Sharma,712020:5eb93c98-6417-49b9-94ab-3c0de37a3a45,,,,,,,,,,,com.atlassian.servicedesk.plugins.approvals.internal.customfield.ApprovalsCFValue@63923294,,,,,,,,,,,,,,,,0|i0004m:,,,LP Sprint 2,,,,,,,,,,,,,10101,LP-26,WRITE FUNCTIONALITY TEST CASE FOR REGISTER MODULE,To Do,02/Apr/26 9:37 AM
WRITE TEST CASE FOR MOBILE NUMBER TEXT FIELD,LP-29,10107,Sub-task,To Do,LP,LEARNING-PLATFORM,software,Mohit Sharma,712020:5eb93c98-6417-49b9-94ab-3c0de37a3a45,,Medium,,Mohit Sharma,712020:5eb93c98-6417-49b9-94ab-3c0de37a3a45,Mohit Sharma,712020:5eb93c98-6417-49b9-94ab-3c0de37a3a45,Mohit Sharma,712020:5eb93c98-6417-49b9-94ab-3c0de37a3a45,01/Apr/26 12:23 PM,01/Apr/26 12:24 PM,,,,,,0,,,Mohit Sharma,712020:5eb93c98-6417-49b9-94ab-3c0de37a3a45,,,,,,,,,,,com.atlassian.servicedesk.plugins.approvals.internal.customfield.ApprovalsCFValue@4a81a111,,,,,,,,,,,,,,,,0|i0004o:,,,LP Sprint 2,,,,,,,,,,,,,10101,LP-26,WRITE FUNCTIONALITY TEST CASE FOR REGISTER MODULE,To Do,01/Apr/26 12:23 PM
WRITE TEST CASE FOR OTP FIELD,LP-30,10109,Sub-task,To Do,LP,LEARNING-PLATFORM,software,Mohit Sharma,712020:5eb93c98-6417-49b9-94ab-3c0de37a3a45,,Medium,,ARUSH TRIPATHI,712020:3dee042d-be61-42c6-9a6b-fd598f6f8b52,Mohit Sharma,712020:5eb93c98-6417-49b9-94ab-3c0de37a3a45,Mohit Sharma,712020:5eb93c98-6417-49b9-94ab-3c0de37a3a45,01/Apr/26 12:23 PM,01/Apr/26 12:25 PM,,,,,,0,,,Mohit Sharma,712020:5eb93c98-6417-49b9-94ab-3c0de37a3a45,,,,,,,,,,,com.atlassian.servicedesk.plugins.approvals.internal.customfield.ApprovalsCFValue@7a682475,,,,,,,,,,,,,,,,0|i0004w:,,,LP Sprint 2,,,,,,,,,,,,,10101,LP-26,WRITE FUNCTIONALITY TEST CASE FOR REGISTER MODULE,To Do,01/Apr/26 12:23 PM
WRITE TEST CASE FOR CONFIRM PASSWORD FIELD,LP-32,10113,Sub-task,To Do,LP,LEARNING-PLATFORM,software,Mohit Sharma,712020:5eb93c98-6417-49b9-94ab-3c0de37a3a45,,Medium,,Tauhid Alam,712020:fc05cd48-cc4f-4e70-9c6e-ac9bd5b56b7f,Mohit Sharma,712020:5eb93c98-6417-49b9-94ab-3c0de37a3a45,Mohit Sharma,712020:5eb93c98-6417-49b9-94ab-3c0de37a3a45,01/Apr/26 12:23 PM,01/Apr/26 12:24 PM,,,,,,0,,,Mohit Sharma,712020:5eb93c98-6417-49b9-94ab-3c0de37a3a45,,,,,,,,,,,com.atlassian.servicedesk.plugins.approvals.internal.customfield.ApprovalsCFValue@2b567491,,,,,,,,,,,,,,,,0|i0005c:,,,LP Sprint 2,,,,,,,,,,,,,10101,LP-26,WRITE FUNCTIONALITY TEST CASE FOR REGISTER MODULE,To Do,01/Apr/26 12:23 PM
WRITE TEST CASE FOR TERM AND CONDITION CHECKBOX,LP-33,10115,Sub-task,To Do,LP,LEARNING-PLATFORM,software,Mohit Sharma,712020:5eb93c98-6417-49b9-94ab-3c0de37a3a45,,Medium,,Tauhid Alam,712020:fc05cd48-cc4f-4e70-9c6e-ac9bd5b56b7f,Mohit Sharma,712020:5eb93c98-6417-49b9-94ab-3c0de37a3a45,Mohit Sharma,712020:5eb93c98-6417-49b9-94ab-3c0de37a3a45,01/Apr/26 12:23 PM,01/Apr/26 12:24 PM,,,,,,0,,,Mohit Sharma,712020:5eb93c98-6417-49b9-94ab-3c0de37a3a45,,,,,,,,,,,com.atlassian.servicedesk.plugins.approvals.internal.customfield.ApprovalsCFValue@566fbae2,,,,,,,,,,,,,,,,0|i0005k:,,,LP Sprint 2,,,,,,,,,,,,,10101,LP-26,WRITE FUNCTIONALITY TEST CASE FOR REGISTER MODULE,To Do,01/Apr/26 12:23 PM
WRITE FUNCTIONALITY TEST CASE FOR LOGIN MODULE,LP-35,10118,Task,To Do,LP,LEARNING-PLATFORM,software,Mohit Sharma,712020:5eb93c98-6417-49b9-94ab-3c0de37a3a45,,High,,,,Mohit Sharma,712020:5eb93c98-6417-49b9-94ab-3c0de37a3a45,Mohit Sharma,712020:5eb93c98-6417-49b9-94ab-3c0de37a3a45,01/Apr/26 12:25 PM,02/Apr/26 10:24 AM,01/Apr/26 12:26 PM,,,1.0,02/Apr/26 12:00 AM,0,,,Mohit Sharma,712020:5eb93c98-6417-49b9-94ab-3c0de37a3a45,,,,,,,,,,,com.atlassian.servicedesk.plugins.approvals.internal.customfield.ApprovalsCFValue@21e1e91f,,,,,,,,,,,,,,,,0|i00060:,,,LP Sprint 2,,02/Apr/26 12:00 AM,,,,,,,,,,,10059,LP-1,USER REGISTRATION AND LOGIN,To Do,01/Apr/26 12:25 PM
WRITE TEST CASE FOR EMAIL ID TEXT FIELD,LP-36,10120,Sub-task,To Do,LP,LEARNING-PLATFORM,software,Mohit Sharma,712020:5eb93c98-6417-49b9-94ab-3c0de37a3a45,,Medium,,,,Mohit Sharma,712020:5eb93c98-6417-49b9-94ab-3c0de37a3a45,Mohit Sharma,712020:5eb93c98-6417-49b9-94ab-3c0de37a3a45,01/Apr/26 12:26 PM,01/Apr/26 12:26 PM,,,,,,0,,,Mohit Sharma,712020:5eb93c98-6417-49b9-94ab-3c0de37a3a45,,,,,,,,,,,com.atlassian.servicedesk.plugins.approvals.internal.customfield.ApprovalsCFValue@637c19a,,,,,,,,,,,,,,,,0|i00068:,,,LP Sprint 2,,,,,,,,,,,,,10118,LP-35,WRITE FUNCTIONALITY TEST CASE FOR LOGIN MODULE,To Do,01/Apr/26 12:26 PM
WRITE TEST CASE FOR MOBILE NUMBER TEXT FIELD,LP-37,10122,Sub-task,To Do,LP,LEARNING-PLATFORM,software,Mohit Sharma,712020:5eb93c98-6417-49b9-94ab-3c0de37a3a45,,Medium,,,,Mohit Sharma,712020:5eb93c98-6417-49b9-94ab-3c0de37a3a45,Mohit Sharma,712020:5eb93c98-6417-49b9-94ab-3c0de37a3a45,01/Apr/26 12:26 PM,01/Apr/26 12:26 PM,,,,,,0,,,Mohit Sharma,712020:5eb93c98-6417-49b9-94ab-3c0de37a3a45,,,,,,,,,,,com.atlassian.servicedesk.plugins.approvals.internal.customfield.ApprovalsCFValue@799c1a18,,,,,,,,,,,,,,,,0|i0006g:,,,LP Sprint 2,,,,,,,,,,,,,10118,LP-35,WRITE FUNCTIONALITY TEST CASE FOR LOGIN MODULE,To Do,01/Apr/26 12:26 PM
WRITE TEST CASE FOR PASSWORD TEXT FIELD,LP-38,10124,Sub-task,To Do,LP,LEARNING-PLATFORM,software,Mohit Sharma,712020:5eb93c98-6417-49b9-94ab-3c0de37a3a45,,Medium,,,,Mohit Sharma,712020:5eb93c98-6417-49b9-94ab-3c0de37a3a45,Mohit Sharma,712020:5eb93c98-6417-49b9-94ab-3c0de37a3a45,01/Apr/26 12:26 PM,01/Apr/26 12:26 PM,,,,,,0,,,Mohit Sharma,712020:5eb93c98-6417-49b9-94ab-3c0de37a3a45,,,,,,,,,,,com.atlassian.servicedesk.plugins.approvals.internal.customfield.ApprovalsCFValue@3b6cca59,,,,,,,,,,,,,,,,0|i0006o:,,,LP Sprint 2,,,,,,,,,,,,,10118,LP-35,WRITE FUNCTIONALITY TEST CASE FOR LOGIN MODULE,To Do,01/Apr/26 12:26 PM
WRITE TEST CASE FOR LOGIN BUTTON,LP-39,10126,Sub-task,To Do,LP,LEARNING-PLATFORM,software,Mohit Sharma,712020:5eb93c98-6417-49b9-94ab-3c0de37a3a45,,Medium,,,,Mohit Sharma,712020:5eb93c98-6417-49b9-94ab-3c0de37a3a45,Mohit Sharma,712020:5eb93c98-6417-49b9-94ab-3c0de37a3a45,01/Apr/26 12:26 PM,01/Apr/26 12:26 PM,,,,,,0,,,Mohit Sharma,712020:5eb93c98-6417-49b9-94ab-3c0de37a3a45,,,,,,,,,,,com.atlassian.servicedesk.plugins.approvals.internal.customfield.ApprovalsCFValue@13d55c60,,,,,,,,,,,,,,,,0|i0006w:,,,LP Sprint 2,,,,,,,,,,,,,10118,LP-35,WRITE FUNCTIONALITY TEST CASE FOR LOGIN MODULE,To Do,01/Apr/26 12:26 PM
WRITE TEST CASE FOR FORGOT PASSWORD BUTTON,LP-40,10128,Sub-task,To Do,LP,LEARNING-PLATFORM,software,Mohit Sharma,712020:5eb93c98-6417-49b9-94ab-3c0de37a3a45,,Medium,,,,Mohit Sharma,712020:5eb93c98-6417-49b9-94ab-3c0de37a3a45,Mohit Sharma,712020:5eb93c98-6417-49b9-94ab-3c0de37a3a45,01/Apr/26 12:27 PM,01/Apr/26 12:27 PM,,,,,,0,,,Mohit Sharma,712020:5eb93c98-6417-49b9-94ab-3c0de37a3a45,,,,,,,,,,,com.atlassian.servicedesk.plugins.approvals.internal.customfield.ApprovalsCFValue@2dbeae3c,,,,,,,,,,,,,,,,0|i00074:,,,LP Sprint 2,,,,,,,,,,,,,10118,LP-35,WRITE FUNCTIONALITY TEST CASE FOR LOGIN MODULE,To Do,01/Apr/26 12:27 PM
WRITE FUNCTIONALITY TEST CASE FOR SOCIAL MEDIA LOGIN MODULE,LP-41,10161,Task,To Do,LP,LEARNING-PLATFORM,software,Mohit Sharma,712020:5eb93c98-6417-49b9-94ab-3c0de37a3a45,,High,,,,Mohit Sharma,712020:5eb93c98-6417-49b9-94ab-3c0de37a3a45,Mohit Sharma,712020:5eb93c98-6417-49b9-94ab-3c0de37a3a45,01/Apr/26 2:55 PM,01/Apr/26 2:55 PM,,,,1.0,02/Apr/26 12:00 AM,0,,,Mohit Sharma,712020:5eb93c98-6417-49b9-94ab-3c0de37a3a45,,,,,,,,,,,com.atlassian.servicedesk.plugins.approvals.internal.customfield.ApprovalsCFValue@6c051c61,,,,,,,,,,,,,,,,0|i0007c:,,,,,01/Apr/26 12:00 AM,,,,,,,,,,,,,,To Do,01/Apr/26 2:55 PM
WRITE FUNCTIONALITY TEST CASE FOR SOCIAL MEDIA LOGIN MODULE,LP-42,10162,Task,To Do,LP,LEARNING-PLATFORM,software,Mohit Sharma,712020:5eb93c98-6417-49b9-94ab-3c0de37a3a45,,High,,,,Mohit Sharma,712020:5eb93c98-6417-49b9-94ab-3c0de37a3a45,Mohit Sharma,712020:5eb93c98-6417-49b9-94ab-3c0de37a3a45,01/Apr/26 2:57 PM,02/Apr/26 10:24 AM,01/Apr/26 2:57 PM,,,1.0,02/Apr/26 12:00 AM,0,,,Mohit Sharma,712020:5eb93c98-6417-49b9-94ab-3c0de37a3a45,,,,,,,,,,,com.atlassian.servicedesk.plugins.approvals.internal.customfield.ApprovalsCFValue@deedfbb,,,,,,,,,,,,,,,,0|i0007k:,,,LP Sprint 2,,01/Apr/26 12:00 AM,,,,,,,,,,,10059,LP-1,USER REGISTRATION AND LOGIN,To Do,01/Apr/26 2:57 PM
WRITE TEST CASE FOR SOCIAL MEDIA LOGIN WORKFLOW,LP-43,10164,Sub-task,To Do,LP,LEARNING-PLATFORM,software,Mohit Sharma,712020:5eb93c98-6417-49b9-94ab-3c0de37a3a45,,Medium,,ARUSH TRIPATHI,712020:3dee042d-be61-42c6-9a6b-fd598f6f8b52,Mohit Sharma,712020:5eb93c98-6417-49b9-94ab-3c0de37a3a45,Mohit Sharma,712020:5eb93c98-6417-49b9-94ab-3c0de37a3a45,01/Apr/26 2:58 PM,01/Apr/26 2:59 PM,,,,,,0,,,Mohit Sharma,712020:5eb93c98-6417-49b9-94ab-3c0de37a3a45,,,,,,,,,,,com.atlassian.servicedesk.plugins.approvals.internal.customfield.ApprovalsCFValue@e406d0f,,,,,,,,,,,,,,,,0|i0007s:,,,LP Sprint 2,,,,,,,,,,,,,10162,LP-42,WRITE FUNCTIONALITY TEST CASE FOR SOCIAL MEDIA LOGIN MODULE,To Do,01/Apr/26 2:58 PM
"As a user, I want to search courses from the dashboard so that I can quickly find relevant learning content.",LP-45,10199,Story,To Do,LP,LEARNING-PLATFORM,software,Mohit Sharma,712020:5eb93c98-6417-49b9-94ab-3c0de37a3a45,,High,,,,Mohit Sharma,712020:5eb93c98-6417-49b9-94ab-3c0de37a3a45,Mohit Sharma,712020:5eb93c98-6417-49b9-94ab-3c0de37a3a45,02/Apr/26 9:45 AM,02/Apr/26 9:45 AM,,,,1.0,04/Apr/26 12:00 AM,0,,,Mohit Sharma,712020:5eb93c98-6417-49b9-94ab-3c0de37a3a45,,,,,,,,,,,com.atlassian.servicedesk.plugins.approvals.internal.customfield.ApprovalsCFValue@7d15c640,,,,,,,,,,,,,,,,0|i00080:,,,LP Sprint 2,,02/Apr/26 12:00 AM,,,,,,,,,,,10091,LP-19,Dashboard and Course Discovery,To Do,02/Apr/26 9:45 AM
"As a user, I want to browse the course listing page so that I can explore available courses.",LP-46,10201,Story,To Do,LP,LEARNING-PLATFORM,software,Mohit Sharma,712020:5eb93c98-6417-49b9-94ab-3c0de37a3a45,,High,,,,Mohit Sharma,712020:5eb93c98-6417-49b9-94ab-3c0de37a3a45,Mohit Sharma,712020:5eb93c98-6417-49b9-94ab-3c0de37a3a45,02/Apr/26 9:47 AM,02/Apr/26 9:47 AM,,,,1.0,04/Apr/26 12:00 AM,0,,,Mohit Sharma,712020:5eb93c98-6417-49b9-94ab-3c0de37a3a45,,,,,,,,,,,com.atlassian.servicedesk.plugins.approvals.internal.customfield.ApprovalsCFValue@67418d80,,,,,,,,,,,,,,,,0|i00088:,,,LP Sprint 2,,02/Apr/26 12:00 AM,,,,,,,,,,,10091,LP-19,Dashboard and Course Discovery,To Do,02/Apr/26 9:47 AM
"As a user, I want to access courses via categories and search results so that I can discover suitable learning content.",LP-47,10203,Story,To Do,LP,LEARNING-PLATFORM,software,Mohit Sharma,712020:5eb93c98-6417-49b9-94ab-3c0de37a3a45,,High,,,,Mohit Sharma,712020:5eb93c98-6417-49b9-94ab-3c0de37a3a45,Mohit Sharma,712020:5eb93c98-6417-49b9-94ab-3c0de37a3a45,02/Apr/26 9:47 AM,02/Apr/26 9:47 AM,,,,1.0,04/Apr/26 12:00 AM,0,,,Mohit Sharma,712020:5eb93c98-6417-49b9-94ab-3c0de37a3a45,,,,,,,,,,,com.atlassian.servicedesk.plugins.approvals.internal.customfield.ApprovalsCFValue@264a8ab2,,,,,,,,,,,,,,,,0|i0008g:,,,LP Sprint 2,,02/Apr/26 12:00 AM,,,,,,,,,,,10091,LP-19,Dashboard and Course Discovery,To Do,02/Apr/26 9:47 AM
"As a user, I want to enroll in a course from the listing page so that it gets added to my dashboard.",LP-48,10205,Story,To Do,LP,LEARNING-PLATFORM,software,Mohit Sharma,712020:5eb93c98-6417-49b9-94ab-3c0de37a3a45,,High,,,,Mohit Sharma,712020:5eb93c98-6417-49b9-94ab-3c0de37a3a45,Mohit Sharma,712020:5eb93c98-6417-49b9-94ab-3c0de37a3a45,02/Apr/26 9:48 AM,02/Apr/26 9:48 AM,,,,1.0,04/Apr/26 12:00 AM,0,,,Mohit Sharma,712020:5eb93c98-6417-49b9-94ab-3c0de37a3a45,,,,,,,,,,,com.atlassian.servicedesk.plugins.approvals.internal.customfield.ApprovalsCFValue@35abaeb4,,,,,,,,,,,,,,,,0|i0008o:,,,LP Sprint 2,,02/Apr/26 12:00 AM,,,,,,,,,,,10091,LP-19,Dashboard and Course Discovery,To Do,02/Apr/26 9:48 AM
Test Search Bar Functionality,LP-49,10206,Task,To Do,LP,LEARNING-PLATFORM,software,Mohit Sharma,712020:5eb93c98-6417-49b9-94ab-3c0de37a3a45,,High,,,,Mohit Sharma,712020:5eb93c98-6417-49b9-94ab-3c0de37a3a45,Mohit Sharma,712020:5eb93c98-6417-49b9-94ab-3c0de37a3a45,02/Apr/26 9:53 AM,02/Apr/26 10:24 AM,02/Apr/26 9:53 AM,,,1.0,04/Apr/26 12:00 AM,0,,,Mohit Sharma,712020:5eb93c98-6417-49b9-94ab-3c0de37a3a45,,,,,,,,,,,com.atlassian.servicedesk.plugins.approvals.internal.customfield.ApprovalsCFValue@10cf2516,,,,,,,,,,,,,,,,0|i0008w:,,,LP Sprint 2,,02/Apr/26 12:00 AM,,,,,,,,,,,10091,LP-19,Dashboard and Course Discovery,To Do,02/Apr/26 9:53 AM
Write test case for search bar placeholder text,LP-50,10208,Sub-task,To Do,LP,LEARNING-PLATFORM,software,Mohit Sharma,712020:5eb93c98-6417-49b9-94ab-3c0de37a3a45,,Medium,,,,Mohit Sharma,712020:5eb93c98-6417-49b9-94ab-3c0de37a3a45,Mohit Sharma,712020:5eb93c98-6417-49b9-94ab-3c0de37a3a45,02/Apr/26 9:53 AM,02/Apr/26 9:53 AM,,,,,,0,,,Mohit Sharma,712020:5eb93c98-6417-49b9-94ab-3c0de37a3a45,,,,,,,,,,,com.atlassian.servicedesk.plugins.approvals.internal.customfield.ApprovalsCFValue@7d556a5c,,,,,,,,,,,,,,,,0|i00094:,,,LP Sprint 2,,,,,,,,,,,,,10206,LP-49,Test Search Bar Functionality,To Do,02/Apr/26 9:53 AM
Write test case for minimum 2 character validation,LP-51,10210,Sub-task,To Do,LP,LEARNING-PLATFORM,software,Mohit Sharma,712020:5eb93c98-6417-49b9-94ab-3c0de37a3a45,,Medium,,,,Mohit Sharma,712020:5eb93c98-6417-49b9-94ab-3c0de37a3a45,Mohit Sharma,712020:5eb93c98-6417-49b9-94ab-3c0de37a3a45,02/Apr/26 9:53 AM,02/Apr/26 9:53 AM,,,,,,0,,,Mohit Sharma,712020:5eb93c98-6417-49b9-94ab-3c0de37a3a45,,,,,,,,,,,com.atlassian.servicedesk.plugins.approvals.internal.customfield.ApprovalsCFValue@61737771,,,,,,,,,,,,,,,,0|i0009c:,,,LP Sprint 2,,,,,,,,,,,,,10206,LP-49,Test Search Bar Functionality,To Do,02/Apr/26 9:53 AM
Write test case for auto-suggestion display,LP-52,10212,Sub-task,To Do,LP,LEARNING-PLATFORM,software,Mohit Sharma,712020:5eb93c98-6417-49b9-94ab-3c0de37a3a45,,Medium,,,,Mohit Sharma,712020:5eb93c98-6417-49b9-94ab-3c0de37a3a45,Mohit Sharma,712020:5eb93c98-6417-49b9-94ab-3c0de37a3a45,02/Apr/26 9:53 AM,02/Apr/26 9:53 AM,,,,,,0,,,Mohit Sharma,712020:5eb93c98-6417-49b9-94ab-3c0de37a3a45,,,,,,,,,,,com.atlassian.servicedesk.plugins.approvals.internal.customfield.ApprovalsCFValue@15515119,,,,,,,,,,,,,,,,0|i0009k:,,,LP Sprint 2,,,,,,,,,,,,,10206,LP-49,Test Search Bar Functionality,To Do,02/Apr/26 9:53 AM
Write test case for no courses found message,LP-53,10214,Sub-task,To Do,LP,LEARNING-PLATFORM,software,Mohit Sharma,712020:5eb93c98-6417-49b9-94ab-3c0de37a3a45,,Medium,,,,Mohit Sharma,712020:5eb93c98-6417-49b9-94ab-3c0de37a3a45,Mohit Sharma,712020:5eb93c98-6417-49b9-94ab-3c0de37a3a45,02/Apr/26 9:53 AM,02/Apr/26 9:53 AM,,,,,,0,,,Mohit Sharma,712020:5eb93c98-6417-49b9-94ab-3c0de37a3a45,,,,,,,,,,,com.atlassian.servicedesk.plugins.approvals.internal.customfield.ApprovalsCFValue@4bc3703f,,,,,,,,,,,,,,,,0|i0009s:,,,LP Sprint 2,,,,,,,,,,,,,10206,LP-49,Test Search Bar Functionality,To Do,02/Apr/26 9:53 AM
Write test case for valid search result navigation,LP-54,10216,Sub-task,To Do,LP,LEARNING-PLATFORM,software,Mohit Sharma,712020:5eb93c98-6417-49b9-94ab-3c0de37a3a45,,Medium,,,,Mohit Sharma,712020:5eb93c98-6417-49b9-94ab-3c0de37a3a45,Mohit Sharma,712020:5eb93c98-6417-49b9-94ab-3c0de37a3a45,02/Apr/26 9:54 AM,02/Apr/26 9:54 AM,,,,,,0,,,Mohit Sharma,712020:5eb93c98-6417-49b9-94ab-3c0de37a3a45,,,,,,,,,,,com.atlassian.servicedesk.plugins.approvals.internal.customfield.ApprovalsCFValue@117bbb6b,,,,,,,,,,,,,,,,0|i000a0:,,,LP Sprint 2,,,,,,,,,,,,,10206,LP-49,Test Search Bar Functionality,To Do,02/Apr/26 9:54 AM
Test Course Listing Page UI,LP-55,10217,Task,To Do,LP,LEARNING-PLATFORM,software,Mohit Sharma,712020:5eb93c98-6417-49b9-94ab-3c0de37a3a45,,High,,,,Mohit Sharma,712020:5eb93c98-6417-49b9-94ab-3c0de37a3a45,Mohit Sharma,712020:5eb93c98-6417-49b9-94ab-3c0de37a3a45,02/Apr/26 9:54 AM,02/Apr/26 10:24 AM,02/Apr/26 9:55 AM,,,1.0,04/Apr/26 12:00 AM,0,,,Mohit Sharma,712020:5eb93c98-6417-49b9-94ab-3c0de37a3a45,,,,,,,,,,,com.atlassian.servicedesk.plugins.approvals.internal.customfield.ApprovalsCFValue@27369149,,,,,,,,,,,,,,,,0|i000a8:,,,LP Sprint 2,,02/Apr/26 12:00 AM,,,,,,,,,,,10091,LP-19,Dashboard and Course Discovery,To Do,02/Apr/26 9:54 AM
Write test case for course thumbnail display,LP-56,10219,Sub-task,To Do,LP,LEARNING-PLATFORM,software,Mohit Sharma,712020:5eb93c98-6417-49b9-94ab-3c0de37a3a45,,Medium,,,,Mohit Sharma,712020:5eb93c98-6417-49b9-94ab-3c0de37a3a45,Mohit Sharma,712020:5eb93c98-6417-49b9-94ab-3c0de37a3a45,02/Apr/26 9:55 AM,02/Apr/26 9:55 AM,,,,,,0,,,Mohit Sharma,712020:5eb93c98-6417-49b9-94ab-3c0de37a3a45,,,,,,,,,,,com.atlassian.servicedesk.plugins.approvals.internal.customfield.ApprovalsCFValue@781a5ed9,,,,,,,,,,,,,,,,0|i000ag:,,,LP Sprint 2,,,,,,,,,,,,,10217,LP-55,Test Course Listing Page UI,To Do,02/Apr/26 9:55 AM
Write test case for default image when thumbnail is unavailable,LP-57,10221,Sub-task,To Do,LP,LEARNING-PLATFORM,software,Mohit Sharma,712020:5eb93c98-6417-49b9-94ab-3c0de37a3a45,,Medium,,,,Mohit Sharma,712020:5eb93c98-6417-49b9-94ab-3c0de37a3a45,Mohit Sharma,712020:5eb93c98-6417-49b9-94ab-3c0de37a3a45,02/Apr/26 9:55 AM,02/Apr/26 9:55 AM,,,,,,0,,,Mohit Sharma,712020:5eb93c98-6417-49b9-94ab-3c0de37a3a45,,,,,,,,,,,com.atlassian.servicedesk.plugins.approvals.internal.customfield.ApprovalsCFValue@59aecfb4,,,,,,,,,,,,,,,,0|i000ao:,,,LP Sprint 2,,,,,,,,,,,,,10217,LP-55,Test Course Listing Page UI,To Do,02/Apr/26 9:55 AM
Write test case for course title validation,LP-58,10223,Sub-task,To Do,LP,LEARNING-PLATFORM,software,Mohit Sharma,712020:5eb93c98-6417-49b9-94ab-3c0de37a3a45,,Medium,,,,Mohit Sharma,712020:5eb93c98-6417-49b9-94ab-3c0de37a3a45,Mohit Sharma,712020:5eb93c98-6417-49b9-94ab-3c0de37a3a45,02/Apr/26 9:55 AM,02/Apr/26 9:55 AM,,,,,,0,,,Mohit Sharma,712020:5eb93c98-6417-49b9-94ab-3c0de37a3a45,,,,,,,,,,,com.atlassian.servicedesk.plugins.approvals.internal.customfield.ApprovalsCFValue@5750077a,,,,,,,,,,,,,,,,0|i000aw:,,,LP Sprint 2,,,,,,,,,,,,,10217,LP-55,Test Course Listing Page UI,To Do,02/Apr/26 9:55 AM
Write test case for instructor name display,LP-59,10225,Sub-task,To Do,LP,LEARNING-PLATFORM,software,Mohit Sharma,712020:5eb93c98-6417-49b9-94ab-3c0de37a3a45,,Medium,,,,Mohit Sharma,712020:5eb93c98-6417-49b9-94ab-3c0de37a3a45,Mohit Sharma,712020:5eb93c98-6417-49b9-94ab-3c0de37a3a45,02/Apr/26 9:55 AM,02/Apr/26 9:55 AM,,,,,,0,,,Mohit Sharma,712020:5eb93c98-6417-49b9-94ab-3c0de37a3a45,,,,,,,,,,,com.atlassian.servicedesk.plugins.approvals.internal.customfield.ApprovalsCFValue@66feb5ad,,,,,,,,,,,,,,,,0|i000b4:,,,LP Sprint 2,,,,,,,,,,,,,10217,LP-55,Test Course Listing Page UI,To Do,02/Apr/26 9:55 AM
Write test case for price display in rupee format,LP-60,10227,Sub-task,To Do,LP,LEARNING-PLATFORM,software,Mohit Sharma,712020:5eb93c98-6417-49b9-94ab-3c0de37a3a45,,Medium,,,,Mohit Sharma,712020:5eb93c98-6417-49b9-94ab-3c0de37a3a45,Mohit Sharma,712020:5eb93c98-6417-49b9-94ab-3c0de37a3a45,02/Apr/26 9:55 AM,02/Apr/26 9:55 AM,,,,,,0,,,Mohit Sharma,712020:5eb93c98-6417-49b9-94ab-3c0de37a3a45,,,,,,,,,,,com.atlassian.servicedesk.plugins.approvals.internal.customfield.ApprovalsCFValue@159a64e0,,,,,,,,,,,,,,,,0|i000bc:,,,LP Sprint 2,,,,,,,,,,,,,10217,LP-55,Test Course Listing Page UI,To Do,02/Apr/26 9:55 AM
Write test case for discounted price and strike-through format,LP-61,10229,Sub-task,To Do,LP,LEARNING-PLATFORM,software,Mohit Sharma,712020:5eb93c98-6417-49b9-94ab-3c0de37a3a45,,Medium,,,,Mohit Sharma,712020:5eb93c98-6417-49b9-94ab-3c0de37a3a45,Mohit Sharma,712020:5eb93c98-6417-49b9-94ab-3c0de37a3a45,02/Apr/26 9:55 AM,02/Apr/26 9:55 AM,,,,,,0,,,Mohit Sharma,712020:5eb93c98-6417-49b9-94ab-3c0de37a3a45,,,,,,,,,,,com.atlassian.servicedesk.plugins.approvals.internal.customfield.ApprovalsCFValue@4eadf37d,,,,,,,,,,,,,,,,0|i000bk:,,,LP Sprint 2,,,,,,,,,,,,,10217,LP-55,Test Course Listing Page UI,To Do,02/Apr/26 9:55 AM
Write test case for rating stars display,LP-62,10231,Sub-task,To Do,LP,LEARNING-PLATFORM,software,Mohit Sharma,712020:5eb93c98-6417-49b9-94ab-3c0de37a3a45,,Medium,,,,Mohit Sharma,712020:5eb93c98-6417-49b9-94ab-3c0de37a3a45,Mohit Sharma,712020:5eb93c98-6417-49b9-94ab-3c0de37a3a45,02/Apr/26 9:55 AM,02/Apr/26 9:55 AM,,,,,,0,,,Mohit Sharma,712020:5eb93c98-6417-49b9-94ab-3c0de37a3a45,,,,,,,,,,,com.atlassian.servicedesk.plugins.approvals.internal.customfield.ApprovalsCFValue@646b80e7,,,,,,,,,,,,,,,,0|i000bs:,,,LP Sprint 2,,,,,,,,,,,,,10217,LP-55,Test Course Listing Page UI,To Do,02/Apr/26 9:55 AM
Test Course Navigation Flow,LP-63,10232,Task,To Do,LP,LEARNING-PLATFORM,software,Mohit Sharma,712020:5eb93c98-6417-49b9-94ab-3c0de37a3a45,,High,,,,Mohit Sharma,712020:5eb93c98-6417-49b9-94ab-3c0de37a3a45,Mohit Sharma,712020:5eb93c98-6417-49b9-94ab-3c0de37a3a45,02/Apr/26 9:56 AM,02/Apr/26 10:24 AM,02/Apr/26 9:56 AM,,,1.0,04/Apr/26 12:00 AM,0,,,Mohit Sharma,712020:5eb93c98-6417-49b9-94ab-3c0de37a3a45,,,,,,,,,,,com.atlassian.servicedesk.plugins.approvals.internal.customfield.ApprovalsCFValue@4b9730b1,,,,,,,,,,,,,,,,0|i000c0:,,,LP Sprint 2,,02/Apr/26 12:00 AM,,,,,,,,,,,10091,LP-19,Dashboard and Course Discovery,To Do,02/Apr/26 9:56 AM
Write test case for category-based navigation,LP-64,10234,Sub-task,To Do,LP,LEARNING-PLATFORM,software,Mohit Sharma,712020:5eb93c98-6417-49b9-94ab-3c0de37a3a45,,Medium,,,,Mohit Sharma,712020:5eb93c98-6417-49b9-94ab-3c0de37a3a45,Mohit Sharma,712020:5eb93c98-6417-49b9-94ab-3c0de37a3a45,02/Apr/26 9:56 AM,02/Apr/26 9:56 AM,,,,,,0,,,Mohit Sharma,712020:5eb93c98-6417-49b9-94ab-3c0de37a3a45,,,,,,,,,,,com.atlassian.servicedesk.plugins.approvals.internal.customfield.ApprovalsCFValue@2dcea506,,,,,,,,,,,,,,,,0|i000c8:,,,LP Sprint 2,,,,,,,,,,,,,10232,LP-63,Test Course Navigation Flow,To Do,02/Apr/26 9:56 AM
Write test case for search result redirection,LP-65,10236,Sub-task,To Do,LP,LEARNING-PLATFORM,software,Mohit Sharma,712020:5eb93c98-6417-49b9-94ab-3c0de37a3a45,,Medium,,,,Mohit Sharma,712020:5eb93c98-6417-49b9-94ab-3c0de37a3a45,Mohit Sharma,712020:5eb93c98-6417-49b9-94ab-3c0de37a3a45,02/Apr/26 9:56 AM,02/Apr/26 9:56 AM,,,,,,0,,,Mohit Sharma,712020:5eb93c98-6417-49b9-94ab-3c0de37a3a45,,,,,,,,,,,com.atlassian.servicedesk.plugins.approvals.internal.customfield.ApprovalsCFValue@236effaf,,,,,,,,,,,,,,,,0|i000cg:,,,LP Sprint 2,,,,,,,,,,,,,10232,LP-63,Test Course Navigation Flow,To Do,02/Apr/26 9:56 AM
Write test case for invalid category navigation,LP-66,10238,Sub-task,To Do,LP,LEARNING-PLATFORM,software,Mohit Sharma,712020:5eb93c98-6417-49b9-94ab-3c0de37a3a45,,Medium,,,,Mohit Sharma,712020:5eb93c98-6417-49b9-94ab-3c0de37a3a45,Mohit Sharma,712020:5eb93c98-6417-49b9-94ab-3c0de37a3a45,02/Apr/26 9:56 AM,02/Apr/26 9:56 AM,,,,,,0,,,Mohit Sharma,712020:5eb93c98-6417-49b9-94ab-3c0de37a3a45,,,,,,,,,,,com.atlassian.servicedesk.plugins.approvals.internal.customfield.ApprovalsCFValue@53c76c13,,,,,,,,,,,,,,,,0|i000co:,,,LP Sprint 2,,,,,,,,,,,,,10232,LP-63,Test Course Navigation Flow,To Do,02/Apr/26 9:56 AM
Test Enroll Button Functionality,LP-67,10239,Task,To Do,LP,LEARNING-PLATFORM,software,Mohit Sharma,712020:5eb93c98-6417-49b9-94ab-3c0de37a3a45,,High,,,,Mohit Sharma,712020:5eb93c98-6417-49b9-94ab-3c0de37a3a45,Mohit Sharma,712020:5eb93c98-6417-49b9-94ab-3c0de37a3a45,02/Apr/26 9:57 AM,02/Apr/26 10:24 AM,02/Apr/26 9:57 AM,,,1.0,04/Apr/26 12:00 AM,0,,,Mohit Sharma,712020:5eb93c98-6417-49b9-94ab-3c0de37a3a45,,,,,,,,,,,com.atlassian.servicedesk.plugins.approvals.internal.customfield.ApprovalsCFValue@2f3bc7fd,,,,,,,,,,,,,,,,0|i000cw:,,,LP Sprint 2,,02/Apr/26 12:00 AM,,,,,,,,,,,10091,LP-19,Dashboard and Course Discovery,To Do,02/Apr/26 9:57 AM
Write test case for enroll button click action,LP-68,10241,Sub-task,To Do,LP,LEARNING-PLATFORM,software,Mohit Sharma,712020:5eb93c98-6417-49b9-94ab-3c0de37a3a45,,Medium,,,,Mohit Sharma,712020:5eb93c98-6417-49b9-94ab-3c0de37a3a45,Mohit Sharma,712020:5eb93c98-6417-49b9-94ab-3c0de37a3a45,02/Apr/26 9:57 AM,02/Apr/26 9:57 AM,,,,,,0,,,Mohit Sharma,712020:5eb93c98-6417-49b9-94ab-3c0de37a3a45,,,,,,,,,,,com.atlassian.servicedesk.plugins.approvals.internal.customfield.ApprovalsCFValue@13b38aaa,,,,,,,,,,,,,,,,0|i000d4:,,,LP Sprint 2,,,,,,,,,,,,,10239,LP-67,Test Enroll Button Functionality,To Do,02/Apr/26 9:57 AM
Write test case for course added to dashboard,LP-69,10243,Sub-task,To Do,LP,LEARNING-PLATFORM,software,Mohit Sharma,712020:5eb93c98-6417-49b9-94ab-3c0de37a3a45,,Medium,,,,Mohit Sharma,712020:5eb93c98-6417-49b9-94ab-3c0de37a3a45,Mohit Sharma,712020:5eb93c98-6417-49b9-94ab-3c0de37a3a45,02/Apr/26 9:57 AM,02/Apr/26 9:57 AM,,,,,,0,,,Mohit Sharma,712020:5eb93c98-6417-49b9-94ab-3c0de37a3a45,,,,,,,,,,,com.atlassian.servicedesk.plugins.approvals.internal.customfield.ApprovalsCFValue@272c870f,,,,,,,,,,,,,,,,0|i000dc:,,,LP Sprint 2,,,,,,,,,,,,,10239,LP-67,Test Enroll Button Functionality,To Do,02/Apr/26 9:57 AM
Write test case for success confirmation message,LP-70,10245,Sub-task,To Do,LP,LEARNING-PLATFORM,software,Mohit Sharma,712020:5eb93c98-6417-49b9-94ab-3c0de37a3a45,,Medium,,,,Mohit Sharma,712020:5eb93c98-6417-49b9-94ab-3c0de37a3a45,Mohit Sharma,712020:5eb93c98-6417-49b9-94ab-3c0de37a3a45,02/Apr/26 9:57 AM,02/Apr/26 9:57 AM,,,,,,0,,,Mohit Sharma,712020:5eb93c98-6417-49b9-94ab-3c0de37a3a45,,,,,,,,,,,com.atlassian.servicedesk.plugins.approvals.internal.customfield.ApprovalsCFValue@129a050f,,,,,,,,,,,,,,,,0|i000dk:,,,LP Sprint 2,,,,,,,,,,,,,10239,LP-67,Test Enroll Button Functionality,To Do,02/Apr/26 9:57 AM
Course Enrollment and Learning Experience,LP-71,10246,Epic,To Do,LP,LEARNING-PLATFORM,software,Mohit Sharma,712020:5eb93c98-6417-49b9-94ab-3c0de37a3a45,,High,,,,Mohit Sharma,712020:5eb93c98-6417-49b9-94ab-3c0de37a3a45,Mohit Sharma,712020:5eb93c98-6417-49b9-94ab-3c0de37a3a45,02/Apr/26 9:59 AM,02/Apr/26 9:59 AM,,,,1.0,04/Apr/26 12:00 AM,0,,,Mohit Sharma,712020:5eb93c98-6417-49b9-94ab-3c0de37a3a45,,,,,,,,,,,com.atlassian.servicedesk.plugins.approvals.internal.customfield.ApprovalsCFValue@1597b0c4,,,,,ghx-label-14,,To Do,,,,dark_orange,,,,,0|i000ds:,,,LP Sprint 2,,02/Apr/26 12:00 AM,,,,,,,,,,,,,,To Do,02/Apr/26 9:59 AM
"As a user, I want to view detailed course information so that I can decide whether to enroll.",LP-72,10248,Story,To Do,LP,LEARNING-PLATFORM,software,Mohit Sharma,712020:5eb93c98-6417-49b9-94ab-3c0de37a3a45,,High,,,,Mohit Sharma,712020:5eb93c98-6417-49b9-94ab-3c0de37a3a45,Mohit Sharma,712020:5eb93c98-6417-49b9-94ab-3c0de37a3a45,02/Apr/26 10:00 AM,02/Apr/26 10:00 AM,,,,1.0,04/Apr/26 12:00 AM,0,,,Mohit Sharma,712020:5eb93c98-6417-49b9-94ab-3c0de37a3a45,,,,,,,,,,,com.atlassian.servicedesk.plugins.approvals.internal.customfield.ApprovalsCFValue@403fa2f7,,,,,,,,,,,,,,,,0|i000e0:,,,LP Sprint 2,,02/Apr/26 12:00 AM,,,,,,,,,,,10246,LP-71,Course Enrollment and Learning Experience,To Do,02/Apr/26 10:00 AM
"As a user, I want to preview course videos so that I can understand the course content before enrolling.",LP-73,10250,Story,To Do,LP,LEARNING-PLATFORM,software,Mohit Sharma,712020:5eb93c98-6417-49b9-94ab-3c0de37a3a45,,High,,,,Mohit Sharma,712020:5eb93c98-6417-49b9-94ab-3c0de37a3a45,Mohit Sharma,712020:5eb93c98-6417-49b9-94ab-3c0de37a3a45,02/Apr/26 10:00 AM,02/Apr/26 10:00 AM,,,,1.0,04/Apr/26 12:00 AM,0,,,Mohit Sharma,712020:5eb93c98-6417-49b9-94ab-3c0de37a3a45,,,,,,,,,,,com.atlassian.servicedesk.plugins.approvals.internal.customfield.ApprovalsCFValue@1fb61821,,,,,,,,,,,,,,,,0|i000e8:,,,LP Sprint 2,,02/Apr/26 12:00 AM,,,,,,,,,,,10246,LP-71,Course Enrollment and Learning Experience,To Do,02/Apr/26 10:00 AM
"As a user, I want to enroll in a course so that I can start learning.",LP-74,10252,Story,To Do,LP,LEARNING-PLATFORM,software,Mohit Sharma,712020:5eb93c98-6417-49b9-94ab-3c0de37a3a45,,High,,,,Mohit Sharma,712020:5eb93c98-6417-49b9-94ab-3c0de37a3a45,Mohit Sharma,712020:5eb93c98-6417-49b9-94ab-3c0de37a3a45,02/Apr/26 10:02 AM,02/Apr/26 10:02 AM,,,,1.0,04/Apr/26 12:00 AM,0,,,Mohit Sharma,712020:5eb93c98-6417-49b9-94ab-3c0de37a3a45,,,,,,,,,,,com.atlassian.servicedesk.plugins.approvals.internal.customfield.ApprovalsCFValue@3ba785b5,,,,,,,,,,,,,,,,0|i000eg:,,,LP Sprint 2,,02/Apr/26 12:00 AM,,,,,,,,,,,10246,LP-71,Course Enrollment and Learning Experience,To Do,02/Apr/26 10:02 AM
"As a user, I want to view all my enrolled courses so that I can access them anytime.",LP-75,10254,Story,To Do,LP,LEARNING-PLATFORM,software,Mohit Sharma,712020:5eb93c98-6417-49b9-94ab-3c0de37a3a45,,High,,,,Mohit Sharma,712020:5eb93c98-6417-49b9-94ab-3c0de37a3a45,Mohit Sharma,712020:5eb93c98-6417-49b9-94ab-3c0de37a3a45,02/Apr/26 10:02 AM,02/Apr/26 10:02 AM,,,,1.0,04/Apr/26 12:00 AM,0,,,Mohit Sharma,712020:5eb93c98-6417-49b9-94ab-3c0de37a3a45,,,,,,,,,,,com.atlassian.servicedesk.plugins.approvals.internal.customfield.ApprovalsCFValue@29ead7cb,,,,,,,,,,,,,,,,0|i000eo:,,,LP Sprint 2,,02/Apr/26 12:00 AM,,,,,,,,,,,10246,LP-71,Course Enrollment and Learning Experience,To Do,02/Apr/26 10:02 AM
"As a user, I want to track my course progress so that I know my completion status.",LP-76,10256,Story,To Do,LP,LEARNING-PLATFORM,software,Mohit Sharma,712020:5eb93c98-6417-49b9-94ab-3c0de37a3a45,,High,,,,Mohit Sharma,712020:5eb93c98-6417-49b9-94ab-3c0de37a3a45,Mohit Sharma,712020:5eb93c98-6417-49b9-94ab-3c0de37a3a45,02/Apr/26 10:03 AM,02/Apr/26 10:03 AM,,,,1.0,04/Apr/26 12:00 AM,0,,,Mohit Sharma,712020:5eb93c98-6417-49b9-94ab-3c0de37a3a45,,,,,,,,,,,com.atlassian.servicedesk.plugins.approvals.internal.customfield.ApprovalsCFValue@3203f739,,,,,,,,,,,,,,,,0|i000ew:,,,LP Sprint 2,,02/Apr/26 12:00 AM,,,,,,,,,,,10246,LP-71,Course Enrollment and Learning Experience,To Do,02/Apr/26 10:03 AM
"As a user, I want to continue learning from the last watched lecture so that I can resume seamlessly.",LP-77,10258,Story,To Do,LP,LEARNING-PLATFORM,software,Mohit Sharma,712020:5eb93c98-6417-49b9-94ab-3c0de37a3a45,,High,,,,Mohit Sharma,712020:5eb93c98-6417-49b9-94ab-3c0de37a3a45,Mohit Sharma,712020:5eb93c98-6417-49b9-94ab-3c0de37a3a45,02/Apr/26 10:04 AM,02/Apr/26 10:04 AM,,,,1.0,04/Apr/26 12:00 AM,0,,,Mohit Sharma,712020:5eb93c98-6417-49b9-94ab-3c0de37a3a45,,,,,,,,,,,com.atlassian.servicedesk.plugins.approvals.internal.customfield.ApprovalsCFValue@4e85ae42,,,,,,,,,,,,,,,,0|i000f4:,,,LP Sprint 2,,02/Apr/26 12:00 AM,,,,,,,,,,,10246,LP-71,Course Enrollment and Learning Experience,To Do,02/Apr/26 10:04 AM
"As a user, I want to control lecture playback so that I can learn at my own pace.",LP-78,10260,Story,To Do,LP,LEARNING-PLATFORM,software,Mohit Sharma,712020:5eb93c98-6417-49b9-94ab-3c0de37a3a45,,High,,,,Mohit Sharma,712020:5eb93c98-6417-49b9-94ab-3c0de37a3a45,Mohit Sharma,712020:5eb93c98-6417-49b9-94ab-3c0de37a3a45,02/Apr/26 10:04 AM,02/Apr/26 10:04 AM,,,,1.0,04/Apr/26 12:00 AM,0,,,Mohit Sharma,712020:5eb93c98-6417-49b9-94ab-3c0de37a3a45,,,,,,,,,,,com.atlassian.servicedesk.plugins.approvals.internal.customfield.ApprovalsCFValue@af2fa09,,,,,,,,,,,,,,,,0|i000fc:,,,LP Sprint 2,,02/Apr/26 12:00 AM,,,,,,,,,,,10246,LP-71,Course Enrollment and Learning Experience,To Do,02/Apr/26 10:04 AM
Test Course Detail Page,LP-79,10261,Task,To Do,LP,LEARNING-PLATFORM,software,Mohit Sharma,712020:5eb93c98-6417-49b9-94ab-3c0de37a3a45,,High,,,,Mohit Sharma,712020:5eb93c98-6417-49b9-94ab-3c0de37a3a45,Mohit Sharma,712020:5eb93c98-6417-49b9-94ab-3c0de37a3a45,02/Apr/26 10:06 AM,02/Apr/26 10:25 AM,02/Apr/26 10:07 AM,,,1.0,04/Apr/26 12:00 AM,0,,,Mohit Sharma,712020:5eb93c98-6417-49b9-94ab-3c0de37a3a45,,,,,,,,,,,com.atlassian.servicedesk.plugins.approvals.internal.customfield.ApprovalsCFValue@42f5b4df,,,,,,,,,,,,,,,,0|i000fk:,,,LP Sprint 2,,02/Apr/26 12:00 AM,,,,,,,,,,,10246,LP-71,Course Enrollment and Learning Experience,To Do,02/Apr/26 10:06 AM
Write test case for course title display,LP-80,10263,Sub-task,To Do,LP,LEARNING-PLATFORM,software,Mohit Sharma,712020:5eb93c98-6417-49b9-94ab-3c0de37a3a45,,Medium,,,,Mohit Sharma,712020:5eb93c98-6417-49b9-94ab-3c0de37a3a45,Mohit Sharma,712020:5eb93c98-6417-49b9-94ab-3c0de37a3a45,02/Apr/26 10:07 AM,02/Apr/26 10:07 AM,,,,,,0,,,Mohit Sharma,712020:5eb93c98-6417-49b9-94ab-3c0de37a3a45,,,,,,,,,,,com.atlassian.servicedesk.plugins.approvals.internal.customfield.ApprovalsCFValue@2223a1d,,,,,,,,,,,,,,,,0|i000fs:,,,LP Sprint 2,,,,,,,,,,,,,10261,LP-79,Test Course Detail Page,To Do,02/Apr/26 10:07 AM
Write test case for full description display,LP-81,10265,Sub-task,To Do,LP,LEARNING-PLATFORM,software,Mohit Sharma,712020:5eb93c98-6417-49b9-94ab-3c0de37a3a45,,Medium,,,,Mohit Sharma,712020:5eb93c98-6417-49b9-94ab-3c0de37a3a45,Mohit Sharma,712020:5eb93c98-6417-49b9-94ab-3c0de37a3a45,02/Apr/26 10:07 AM,02/Apr/26 10:07 AM,,,,,,0,,,Mohit Sharma,712020:5eb93c98-6417-49b9-94ab-3c0de37a3a45,,,,,,,,,,,com.atlassian.servicedesk.plugins.approvals.internal.customfield.ApprovalsCFValue@1de714db,,,,,,,,,,,,,,,,0|i000g0:,,,LP Sprint 2,,,,,,,,,,,,,10261,LP-79,Test Course Detail Page,To Do,02/Apr/26 10:07 AM
Write test case for duration display,LP-82,10267,Sub-task,To Do,LP,LEARNING-PLATFORM,software,Mohit Sharma,712020:5eb93c98-6417-49b9-94ab-3c0de37a3a45,,Medium,,,,Mohit Sharma,712020:5eb93c98-6417-49b9-94ab-3c0de37a3a45,Mohit Sharma,712020:5eb93c98-6417-49b9-94ab-3c0de37a3a45,02/Apr/26 10:07 AM,02/Apr/26 10:07 AM,,,,,,0,,,Mohit Sharma,712020:5eb93c98-6417-49b9-94ab-3c0de37a3a45,,,,,,,,,,,com.atlassian.servicedesk.plugins.approvals.internal.customfield.ApprovalsCFValue@668f03db,,,,,,,,,,,,,,,,0|i000g8:,,,LP Sprint 2,,,,,,,,,,,,,10261,LP-79,Test Course Detail Page,To Do,02/Apr/26 10:07 AM
Write test case for number of lectures display,LP-83,10269,Sub-task,To Do,LP,LEARNING-PLATFORM,software,Mohit Sharma,712020:5eb93c98-6417-49b9-94ab-3c0de37a3a45,,Medium,,,,Mohit Sharma,712020:5eb93c98-6417-49b9-94ab-3c0de37a3a45,Mohit Sharma,712020:5eb93c98-6417-49b9-94ab-3c0de37a3a45,02/Apr/26 10:07 AM,02/Apr/26 10:07 AM,,,,,,0,,,Mohit Sharma,712020:5eb93c98-6417-49b9-94ab-3c0de37a3a45,,,,,,,,,,,com.atlassian.servicedesk.plugins.approvals.internal.customfield.ApprovalsCFValue@30012887,,,,,,,,,,,,,,,,0|i000gg:,,,LP Sprint 2,,,,,,,,,,,,,10261,LP-79,Test Course Detail Page,To Do,02/Apr/26 10:07 AM
Test Video Preview Functionality,LP-84,10270,Task,To Do,LP,LEARNING-PLATFORM,software,Mohit Sharma,712020:5eb93c98-6417-49b9-94ab-3c0de37a3a45,,High,,,,Mohit Sharma,712020:5eb93c98-6417-49b9-94ab-3c0de37a3a45,Mohit Sharma,712020:5eb93c98-6417-49b9-94ab-3c0de37a3a45,02/Apr/26 10:08 AM,02/Apr/26 10:25 AM,02/Apr/26 10:08 AM,,,1.0,04/Apr/26 12:00 AM,0,,,Mohit Sharma,712020:5eb93c98-6417-49b9-94ab-3c0de37a3a45,,,,,,,,,,,com.atlassian.servicedesk.plugins.approvals.internal.customfield.ApprovalsCFValue@3b91385,,,,,,,,,,,,,,,,0|i000go:,,,LP Sprint 2,,02/Apr/26 12:00 AM,,,,,,,,,,,10246,LP-71,Course Enrollment and Learning Experience,To Do,02/Apr/26 10:08 AM
Write test case for preview video availability,LP-85,10272,Sub-task,To Do,LP,LEARNING-PLATFORM,software,Mohit Sharma,712020:5eb93c98-6417-49b9-94ab-3c0de37a3a45,,Medium,,,,Mohit Sharma,712020:5eb93c98-6417-49b9-94ab-3c0de37a3a45,Mohit Sharma,712020:5eb93c98-6417-49b9-94ab-3c0de37a3a45,02/Apr/26 10:08 AM,02/Apr/26 10:08 AM,,,,,,0,,,Mohit Sharma,712020:5eb93c98-6417-49b9-94ab-3c0de37a3a45,,,,,,,,,,,com.atlassian.servicedesk.plugins.approvals.internal.customfield.ApprovalsCFValue@55f94476,,,,,,,,,,,,,,,,0|i000gw:,,,LP Sprint 2,,,,,,,,,,,,,10270,LP-84,Test Video Preview Functionality,To Do,02/Apr/26 10:08 AM
Write test case for play control,LP-86,10274,Sub-task,To Do,LP,LEARNING-PLATFORM,software,Mohit Sharma,712020:5eb93c98-6417-49b9-94ab-3c0de37a3a45,,Medium,,,,Mohit Sharma,712020:5eb93c98-6417-49b9-94ab-3c0de37a3a45,Mohit Sharma,712020:5eb93c98-6417-49b9-94ab-3c0de37a3a45,02/Apr/26 10:08 AM,02/Apr/26 10:08 AM,,,,,,0,,,Mohit Sharma,712020:5eb93c98-6417-49b9-94ab-3c0de37a3a45,,,,,,,,,,,com.atlassian.servicedesk.plugins.approvals.internal.customfield.ApprovalsCFValue@4680c0b8,,,,,,,,,,,,,,,,0|i000h4:,,,LP Sprint 2,,,,,,,,,,,,,10270,LP-84,Test Video Preview Functionality,To Do,02/Apr/26 10:08 AM
Write test case for pause control,LP-87,10276,Sub-task,To Do,LP,LEARNING-PLATFORM,software,Mohit Sharma,712020:5eb93c98-6417-49b9-94ab-3c0de37a3a45,,Medium,,,,Mohit Sharma,712020:5eb93c98-6417-49b9-94ab-3c0de37a3a45,Mohit Sharma,712020:5eb93c98-6417-49b9-94ab-3c0de37a3a45,02/Apr/26 10:08 AM,02/Apr/26 10:08 AM,,,,,,0,,,Mohit Sharma,712020:5eb93c98-6417-49b9-94ab-3c0de37a3a45,,,,,,,,,,,com.atlassian.servicedesk.plugins.approvals.internal.customfield.ApprovalsCFValue@7c2d696f,,,,,,,,,,,,,,,,0|i000hc:,,,LP Sprint 2,,,,,,,,,,,,,10270,LP-84,Test Video Preview Functionality,To Do,02/Apr/26 10:08 AM
Test Enroll Now Functionality,LP-88,10277,Task,To Do,LP,LEARNING-PLATFORM,software,Mohit Sharma,712020:5eb93c98-6417-49b9-94ab-3c0de37a3a45,,High,,,,Mohit Sharma,712020:5eb93c98-6417-49b9-94ab-3c0de37a3a45,Mohit Sharma,712020:5eb93c98-6417-49b9-94ab-3c0de37a3a45,02/Apr/26 10:09 AM,02/Apr/26 10:25 AM,02/Apr/26 10:09 AM,,,1.0,04/Apr/26 12:00 AM,0,,,Mohit Sharma,712020:5eb93c98-6417-49b9-94ab-3c0de37a3a45,,,,,,,,,,,com.atlassian.servicedesk.plugins.approvals.internal.customfield.ApprovalsCFValue@149bb650,,,,,,,,,,,,,,,,0|i000hk:,,,LP Sprint 2,,02/Apr/26 12:00 AM,,,,,,,,,,,10246,LP-71,Course Enrollment and Learning Experience,To Do,02/Apr/26 10:09 AM
Write test case for paid course payment redirection,LP-89,10279,Sub-task,To Do,LP,LEARNING-PLATFORM,software,Mohit Sharma,712020:5eb93c98-6417-49b9-94ab-3c0de37a3a45,,Medium,,,,Mohit Sharma,712020:5eb93c98-6417-49b9-94ab-3c0de37a3a45,Mohit Sharma,712020:5eb93c98-6417-49b9-94ab-3c0de37a3a45,02/Apr/26 10:09 AM,02/Apr/26 10:09 AM,,,,,,0,,,Mohit Sharma,712020:5eb93c98-6417-49b9-94ab-3c0de37a3a45,,,,,,,,,,,com.atlassian.servicedesk.plugins.approvals.internal.customfield.ApprovalsCFValue@7030f4f8,,,,,,,,,,,,,,,,0|i000hs:,,,LP Sprint 2,,,,,,,,,,,,,10277,LP-88,Test Enroll Now Functionality,To Do,02/Apr/26 10:09 AM
Write test case for free course direct enrollment,LP-90,10281,Sub-task,To Do,LP,LEARNING-PLATFORM,software,Mohit Sharma,712020:5eb93c98-6417-49b9-94ab-3c0de37a3a45,,Medium,,,,Mohit Sharma,712020:5eb93c98-6417-49b9-94ab-3c0de37a3a45,Mohit Sharma,712020:5eb93c98-6417-49b9-94ab-3c0de37a3a45,02/Apr/26 10:09 AM,02/Apr/26 10:09 AM,,,,,,0,,,Mohit Sharma,712020:5eb93c98-6417-49b9-94ab-3c0de37a3a45,,,,,,,,,,,com.atlassian.servicedesk.plugins.approvals.internal.customfield.ApprovalsCFValue@11653180,,,,,,,,,,,,,,,,0|i000i0:,,,LP Sprint 2,,,,,,,,,,,,,10277,LP-88,Test Enroll Now Functionality,To Do,02/Apr/26 10:09 AM
Write test case for successful enrollment confirmation,LP-91,10283,Sub-task,To Do,LP,LEARNING-PLATFORM,software,Mohit Sharma,712020:5eb93c98-6417-49b9-94ab-3c0de37a3a45,,Medium,,,,Mohit Sharma,712020:5eb93c98-6417-49b9-94ab-3c0de37a3a45,Mohit Sharma,712020:5eb93c98-6417-49b9-94ab-3c0de37a3a45,02/Apr/26 10:09 AM,02/Apr/26 10:09 AM,,,,,,0,,,Mohit Sharma,712020:5eb93c98-6417-49b9-94ab-3c0de37a3a45,,,,,,,,,,,com.atlassian.servicedesk.plugins.approvals.internal.customfield.ApprovalsCFValue@2aa3779a,,,,,,,,,,,,,,,,0|i000i8:,,,LP Sprint 2,,,,,,,,,,,,,10277,LP-88,Test Enroll Now Functionality,To Do,02/Apr/26 10:09 AM
Test My Courses Page,LP-92,10284,Task,To Do,LP,LEARNING-PLATFORM,software,Mohit Sharma,712020:5eb93c98-6417-49b9-94ab-3c0de37a3a45,,High,,,,Mohit Sharma,712020:5eb93c98-6417-49b9-94ab-3c0de37a3a45,Mohit Sharma,712020:5eb93c98-6417-49b9-94ab-3c0de37a3a45,02/Apr/26 10:10 AM,02/Apr/26 10:25 AM,02/Apr/26 10:10 AM,,,1.0,04/Apr/26 12:00 AM,0,,,Mohit Sharma,712020:5eb93c98-6417-49b9-94ab-3c0de37a3a45,,,,,,,,,,,com.atlassian.servicedesk.plugins.approvals.internal.customfield.ApprovalsCFValue@7a31a879,,,,,,,,,,,,,,,,0|i000ig:,,,LP Sprint 2,,02/Apr/26 12:00 AM,,,,,,,,,,,10246,LP-71,Course Enrollment and Learning Experience,To Do,02/Apr/26 10:10 AM
Write test case for enrolled course list display,LP-93,10286,Sub-task,To Do,LP,LEARNING-PLATFORM,software,Mohit Sharma,712020:5eb93c98-6417-49b9-94ab-3c0de37a3a45,,Medium,,,,Mohit Sharma,712020:5eb93c98-6417-49b9-94ab-3c0de37a3a45,Mohit Sharma,712020:5eb93c98-6417-49b9-94ab-3c0de37a3a45,02/Apr/26 10:10 AM,02/Apr/26 10:10 AM,,,,,,0,,,Mohit Sharma,712020:5eb93c98-6417-49b9-94ab-3c0de37a3a45,,,,,,,,,,,com.atlassian.servicedesk.plugins.approvals.internal.customfield.ApprovalsCFValue@6f01c22b,,,,,,,,,,,,,,,,0|i000io:,,,LP Sprint 2,,,,,,,,,,,,,10284,LP-92,Test My Courses Page,To Do,02/Apr/26 10:10 AM
Write test case for empty enrolled course list,LP-94,10288,Sub-task,To Do,LP,LEARNING-PLATFORM,software,Mohit Sharma,712020:5eb93c98-6417-49b9-94ab-3c0de37a3a45,,Medium,,,,Mohit Sharma,712020:5eb93c98-6417-49b9-94ab-3c0de37a3a45,Mohit Sharma,712020:5eb93c98-6417-49b9-94ab-3c0de37a3a45,02/Apr/26 10:10 AM,02/Apr/26 10:10 AM,,,,,,0,,,Mohit Sharma,712020:5eb93c98-6417-49b9-94ab-3c0de37a3a45,,,,,,,,,,,com.atlassian.servicedesk.plugins.approvals.internal.customfield.ApprovalsCFValue@a35c63a,,,,,,,,,,,,,,,,0|i000iw:,,,LP Sprint 2,,,,,,,,,,,,,10284,LP-92,Test My Courses Page,To Do,02/Apr/26 10:10 AM
Write test case for course card details in My Courses,LP-95,10290,Sub-task,To Do,LP,LEARNING-PLATFORM,software,Mohit Sharma,712020:5eb93c98-6417-49b9-94ab-3c0de37a3a45,,Medium,,,,Mohit Sharma,712020:5eb93c98-6417-49b9-94ab-3c0de37a3a45,Mohit Sharma,712020:5eb93c98-6417-49b9-94ab-3c0de37a3a45,02/Apr/26 10:10 AM,02/Apr/26 10:10 AM,,,,,,0,,,Mohit Sharma,712020:5eb93c98-6417-49b9-94ab-3c0de37a3a45,,,,,,,,,,,com.atlassian.servicedesk.plugins.approvals.internal.customfield.ApprovalsCFValue@4380d4bf,,,,,,,,,,,,,,,,0|i000j4:,,,LP Sprint 2,,,,,,,,,,,,,10284,LP-92,Test My Courses Page,To Do,02/Apr/26 10:10 AM
Test Course Progress Tracking,LP-96,10291,Task,To Do,LP,LEARNING-PLATFORM,software,Mohit Sharma,712020:5eb93c98-6417-49b9-94ab-3c0de37a3a45,,High,,,,Mohit Sharma,712020:5eb93c98-6417-49b9-94ab-3c0de37a3a45,Mohit Sharma,712020:5eb93c98-6417-49b9-94ab-3c0de37a3a45,02/Apr/26 10:11 AM,02/Apr/26 10:25 AM,02/Apr/26 10:11 AM,,,1.0,04/Apr/26 12:00 AM,0,,,Mohit Sharma,712020:5eb93c98-6417-49b9-94ab-3c0de37a3a45,,,,,,,,,,,com.atlassian.servicedesk.plugins.approvals.internal.customfield.ApprovalsCFValue@3171519f,,,,,,,,,,,,,,,,0|i000jc:,,,LP Sprint 2,,02/Apr/26 12:00 AM,,,,,,,,,,,10246,LP-71,Course Enrollment and Learning Experience,To Do,02/Apr/26 10:11 AM
Write test case for completion percentage display,LP-97,10293,Sub-task,To Do,LP,LEARNING-PLATFORM,software,Mohit Sharma,712020:5eb93c98-6417-49b9-94ab-3c0de37a3a45,,Medium,,,,Mohit Sharma,712020:5eb93c98-6417-49b9-94ab-3c0de37a3a45,Mohit Sharma,712020:5eb93c98-6417-49b9-94ab-3c0de37a3a45,02/Apr/26 10:11 AM,02/Apr/26 10:11 AM,,,,,,0,,,Mohit Sharma,712020:5eb93c98-6417-49b9-94ab-3c0de37a3a45,,,,,,,,,,,com.atlassian.servicedesk.plugins.approvals.internal.customfield.ApprovalsCFValue@ea360d4,,,,,,,,,,,,,,,,0|i000jk:,,,LP Sprint 2,,,,,,,,,,,,,10291,LP-96,Test Course Progress Tracking,To Do,02/Apr/26 10:11 AM
Write test case for automatic progress update,LP-98,10295,Sub-task,To Do,LP,LEARNING-PLATFORM,software,Mohit Sharma,712020:5eb93c98-6417-49b9-94ab-3c0de37a3a45,,Medium,,,,Mohit Sharma,712020:5eb93c98-6417-49b9-94ab-3c0de37a3a45,Mohit Sharma,712020:5eb93c98-6417-49b9-94ab-3c0de37a3a45,02/Apr/26 10:11 AM,02/Apr/26 10:11 AM,,,,,,0,,,Mohit Sharma,712020:5eb93c98-6417-49b9-94ab-3c0de37a3a45,,,,,,,,,,,com.atlassian.servicedesk.plugins.approvals.internal.customfield.ApprovalsCFValue@708a33f5,,,,,,,,,,,,,,,,0|i000js:,,,LP Sprint 2,,,,,,,,,,,,,10291,LP-96,Test Course Progress Tracking,To Do,02/Apr/26 10:11 AM
Write test case for progress persistence after logout,LP-99,10297,Sub-task,To Do,LP,LEARNING-PLATFORM,software,Mohit Sharma,712020:5eb93c98-6417-49b9-94ab-3c0de37a3a45,,Medium,,,,Mohit Sharma,712020:5eb93c98-6417-49b9-94ab-3c0de37a3a45,Mohit Sharma,712020:5eb93c98-6417-49b9-94ab-3c0de37a3a45,02/Apr/26 10:12 AM,02/Apr/26 10:12 AM,,,,,,0,,,Mohit Sharma,712020:5eb93c98-6417-49b9-94ab-3c0de37a3a45,,,,,,,,,,,com.atlassian.servicedesk.plugins.approvals.internal.customfield.ApprovalsCFValue@34761bdf,,,,,,,,,,,,,,,,0|i000k0:,,,LP Sprint 2,,,,,,,,,,,,,10291,LP-96,Test Course Progress Tracking,To Do,02/Apr/26 10:12 AM
Test Continue Learning Feature,LP-100,10298,Task,To Do,LP,LEARNING-PLATFORM,software,Mohit Sharma,712020:5eb93c98-6417-49b9-94ab-3c0de37a3a45,,High,,,,Mohit Sharma,712020:5eb93c98-6417-49b9-94ab-3c0de37a3a45,Mohit Sharma,712020:5eb93c98-6417-49b9-94ab-3c0de37a3a45,02/Apr/26 10:12 AM,02/Apr/26 10:25 AM,02/Apr/26 10:12 AM,,,1.0,04/Apr/26 12:00 AM,0,,,Mohit Sharma,712020:5eb93c98-6417-49b9-94ab-3c0de37a3a45,,,,,,,,,,,com.atlassian.servicedesk.plugins.approvals.internal.customfield.ApprovalsCFValue@597ed008,,,,,,,,,,,,,,,,0|i000k8:,,,LP Sprint 2,,02/Apr/26 12:00 AM,,,,,,,,,,,10246,LP-71,Course Enrollment and Learning Experience,To Do,02/Apr/26 10:12 AM
Write test case for resume from last watched lecture,LP-101,10300,Sub-task,To Do,LP,LEARNING-PLATFORM,software,Mohit Sharma,712020:5eb93c98-6417-49b9-94ab-3c0de37a3a45,,Medium,,,,Mohit Sharma,712020:5eb93c98-6417-49b9-94ab-3c0de37a3a45,Mohit Sharma,712020:5eb93c98-6417-49b9-94ab-3c0de37a3a45,02/Apr/26 10:12 AM,02/Apr/26 10:12 AM,,,,,,0,,,Mohit Sharma,712020:5eb93c98-6417-49b9-94ab-3c0de37a3a45,,,,,,,,,,,com.atlassian.servicedesk.plugins.approvals.internal.customfield.ApprovalsCFValue@14dd7a41,,,,,,,,,,,,,,,,0|i000kg:,,,LP Sprint 2,,,,,,,,,,,,,10298,LP-100,Test Continue Learning Feature,To Do,02/Apr/26 10:12 AM
Write test case for lecture timestamp restoration,LP-102,10302,Sub-task,To Do,LP,LEARNING-PLATFORM,software,Mohit Sharma,712020:5eb93c98-6417-49b9-94ab-3c0de37a3a45,,Medium,,,,Mohit Sharma,712020:5eb93c98-6417-49b9-94ab-3c0de37a3a45,Mohit Sharma,712020:5eb93c98-6417-49b9-94ab-3c0de37a3a45,02/Apr/26 10:12 AM,02/Apr/26 10:12 AM,,,,,,0,,,Mohit Sharma,712020:5eb93c98-6417-49b9-94ab-3c0de37a3a45,,,,,,,,,,,com.atlassian.servicedesk.plugins.approvals.internal.customfield.ApprovalsCFValue@45335ca5,,,,,,,,,,,,,,,,0|i000ko:,,,LP Sprint 2,,,,,,,,,,,,,10298,LP-100,Test Continue Learning Feature,To Do,02/Apr/26 10:12 AM
Test Video Player Controls,LP-103,10303,Task,To Do,LP,LEARNING-PLATFORM,software,Mohit Sharma,712020:5eb93c98-6417-49b9-94ab-3c0de37a3a45,,High,,,,Mohit Sharma,712020:5eb93c98-6417-49b9-94ab-3c0de37a3a45,Mohit Sharma,712020:5eb93c98-6417-49b9-94ab-3c0de37a3a45,02/Apr/26 10:13 AM,02/Apr/26 10:25 AM,02/Apr/26 10:13 AM,,,1.0,04/Apr/26 12:00 AM,0,,,Mohit Sharma,712020:5eb93c98-6417-49b9-94ab-3c0de37a3a45,,,,,,,,,,,com.atlassian.servicedesk.plugins.approvals.internal.customfield.ApprovalsCFValue@101ea4b6,,,,,,,,,,,,,,,,0|i000kw:,,,LP Sprint 2,,02/Apr/26 12:00 AM,,,,,,,,,,,10246,LP-71,Course Enrollment and Learning Experience,To Do,02/Apr/26 10:13 AM
Write test case for play and pause controls,LP-104,10305,Sub-task,To Do,LP,LEARNING-PLATFORM,software,Mohit Sharma,712020:5eb93c98-6417-49b9-94ab-3c0de37a3a45,,Medium,,,,Mohit Sharma,712020:5eb93c98-6417-49b9-94ab-3c0de37a3a45,Mohit Sharma,712020:5eb93c98-6417-49b9-94ab-3c0de37a3a45,02/Apr/26 10:13 AM,02/Apr/26 10:13 AM,,,,,,0,,,Mohit Sharma,712020:5eb93c98-6417-49b9-94ab-3c0de37a3a45,,,,,,,,,,,com.atlassian.servicedesk.plugins.approvals.internal.customfield.ApprovalsCFValue@2b398ba9,,,,,,,,,,,,,,,,0|i000l4:,,,LP Sprint 2,,,,,,,,,,,,,10303,LP-103,Test Video Player Controls,To Do,02/Apr/26 10:13 AM
Write test case for seek forward and backward controls,LP-105,10307,Sub-task,To Do,LP,LEARNING-PLATFORM,software,Mohit Sharma,712020:5eb93c98-6417-49b9-94ab-3c0de37a3a45,,Medium,,,,Mohit Sharma,712020:5eb93c98-6417-49b9-94ab-3c0de37a3a45,Mohit Sharma,712020:5eb93c98-6417-49b9-94ab-3c0de37a3a45,02/Apr/26 10:13 AM,02/Apr/26 10:13 AM,,,,,,0,,,Mohit Sharma,712020:5eb93c98-6417-49b9-94ab-3c0de37a3a45,,,,,,,,,,,com.atlassian.servicedesk.plugins.approvals.internal.customfield.ApprovalsCFValue@515387a9,,,,,,,,,,,,,,,,0|i000lc:,,,LP Sprint 2,,,,,,,,,,,,,10303,LP-103,Test Video Player Controls,To Do,02/Apr/26 10:13 AM
Write test case for next lecture auto-play,LP-106,10309,Sub-task,To Do,LP,LEARNING-PLATFORM,software,Mohit Sharma,712020:5eb93c98-6417-49b9-94ab-3c0de37a3a45,,Medium,,,,Mohit Sharma,712020:5eb93c98-6417-49b9-94ab-3c0de37a3a45,Mohit Sharma,712020:5eb93c98-6417-49b9-94ab-3c0de37a3a45,02/Apr/26 10:13 AM,02/Apr/26 10:13 AM,,,,,,0,,,Mohit Sharma,712020:5eb93c98-6417-49b9-94ab-3c0de37a3a45,,,,,,,,,,,com.atlassian.servicedesk.plugins.approvals.internal.customfield.ApprovalsCFValue@50e02bf4,,,,,,,,,,,,,,,,0|i000lk:,,,LP Sprint 2,,,,,,,,,,,,,10303,LP-103,Test Video Player Controls,To Do,02/Apr/26 10:13 AM
Write test case for progress auto-save during playback,LP-107,10311,Sub-task,To Do,LP,LEARNING-PLATFORM,software,Mohit Sharma,712020:5eb93c98-6417-49b9-94ab-3c0de37a3a45,,Medium,,,,Mohit Sharma,712020:5eb93c98-6417-49b9-94ab-3c0de37a3a45,Mohit Sharma,712020:5eb93c98-6417-49b9-94ab-3c0de37a3a45,02/Apr/26 10:13 AM,02/Apr/26 10:13 AM,,,,,,0,,,Mohit Sharma,712020:5eb93c98-6417-49b9-94ab-3c0de37a3a45,,,,,,,,,,,com.atlassian.servicedesk.plugins.approvals.internal.customfield.ApprovalsCFValue@3e7d70ad,,,,,,,,,,,,,,,,0|i000ls:,,,LP Sprint 2,,,,,,,,,,,,,10303,LP-103,Test Video Player Controls,To Do,02/Apr/26 10:13 AM
user is not able to give spaces between name,LP-108,10312,Bug,To Do,LP,LEARNING-PLATFORM,software,Mohit Sharma,712020:5eb93c98-6417-49b9-94ab-3c0de37a3a45,,Highest,,ARUSH TRIPATHI,712020:3dee042d-be61-42c6-9a6b-fd598f6f8b52,Mohit Sharma,712020:5eb93c98-6417-49b9-94ab-3c0de37a3a45,Mohit Sharma,712020:5eb93c98-6417-49b9-94ab-3c0de37a3a45,02/Apr/26 10:27 AM,02/Apr/26 10:27 AM,,,1.0,1.0,03/Apr/26 12:00 AM,0,"STEP 1 : OPEN APPLICATION
STEP 2 : GO TO REGISTRATION
STEP 3 : CLICK ON FULL NAME TEXT FIELD",MOHIT KUMAR,Mohit Sharma,712020:5eb93c98-6417-49b9-94ab-3c0de37a3a45,,,,,,,,,,,com.atlassian.servicedesk.plugins.approvals.internal.customfield.ApprovalsCFValue@6fe0dd22,,,,,,,,,,,,,,,,0|i000m0:,,,LP Sprint 2,,02/Apr/26 12:00 AM,,,,,,,,,,,,,,To Do,02/Apr/26 10:27 AM
